Check ID,Status,Severity,Weight,Details,Remediation,Timestamp
5.2.1,FAIL,HIGH,2,Namespace 'api-gateway-prod' does not have Pod Security Standards enforcement configured. Pods can be created without security restrictions. Remediation: Add pod-security.kubernetes.io/enforce label to namespace 'api-gateway-prod'. Example: kubectl label namespace api-gateway-prod pod-security.kubernetes.io/enforce=restricted --overwrite. Use 'restricted' for maximum security or 'baseline' for compatibility.; Namespace 'api-gateway-prod' missing Pod Security Standards audit mode. Consider adding for better visibility. Remediation: kubectl label namespace api-gateway-prod pod-security.kubernetes.io/audit=restricted; Namespace 'api-gateway-staging' does not have Pod Security Standards enforcement configured. Pods can be created without security restrictions. Remediation: Add pod-security.kubernetes.io/enforce label to namespace 'api-gateway-staging'. Example: kubectl label namespace api-gateway-staging pod-security.kubernetes.io/enforce=restricted --overwrite. Use 'restricted' for maximum security or 'baseline' for compatibility.; Namespace 'api-gateway-staging' missing Pod Security Standards audit mode. Consider adding for better visibility. Remediation: kubectl label namespace api-gateway-staging pod-security.kubernetes.io/audit=restricted; Namespace 'default' does not have Pod Security Standards enforcement configured. Pods can be created without security restrictions. Remediation: Add pod-security.kubernetes.io/enforce label to namespace 'default'. Example: kubectl label namespace default pod-security.kubernetes.io/enforce=restricted --overwrite. Use 'restricted' for maximum security or 'baseline' for compatibility.; Namespace 'default' missing Pod Security Standards audit mode. Consider adding for better visibility. Remediation: kubectl label namespace default pod-security.kubernetes.io/audit=restricted; Namespace 'local-path-storage' does not have Pod Security Standards enforcement configured. Pods can be created without security restrictions. Remediation: Add pod-security.kubernetes.io/enforce label to namespace 'local-path-storage'. Example: kubectl label namespace local-path-storage pod-security.kubernetes.io/enforce=restricted --overwrite. Use 'restricted' for maximum security or 'baseline' for compatibility.; Namespace 'local-path-storage' missing Pod Security Standards audit mode. Consider adding for better visibility. Remediation: kubectl label namespace local-path-storage pod-security.kubernetes.io/audit=restricted; Namespace 'minio' does not have Pod Security Standards enforcement configured. Pods can be created without security restrictions. Remediation: Add pod-security.kubernetes.io/enforce label to namespace 'minio'. Example: kubectl label namespace minio pod-security.kubernetes.io/enforce=restricted --overwrite. Use 'restricted' for maximum security or 'baseline' for compatibility.; Namespace 'minio' missing Pod Security Standards audit mode. Consider adding for better visibility. Remediation: kubectl label namespace minio pod-security.kubernetes.io/audit=restricted; Namespace 'monitoring' does not have Pod Security Standards enforcement configured. Pods can be created without security restrictions. Remediation: Add pod-security.kubernetes.io/enforce label to namespace 'monitoring'. Example: kubectl label namespace monitoring pod-security.kubernetes.io/enforce=restricted --overwrite. Use 'restricted' for maximum security or 'baseline' for compatibility.; Namespace 'monitoring' missing Pod Security Standards audit mode. Consider adding for better visibility. Remediation: kubectl label namespace monitoring pod-security.kubernetes.io/audit=restricted; Namespace 'project-c13' does not have Pod Security Standards enforcement configured. Pods can be created without security restrictions. Remediation: Add pod-security.kubernetes.io/enforce label to namespace 'project-c13'. Example: kubectl label namespace project-c13 pod-security.kubernetes.io/enforce=restricted --overwrite. Use 'restricted' for maximum security or 'baseline' for compatibility.; Namespace 'project-c13' missing Pod Security Standards audit mode. Consider adding for better visibility. Remediation: kubectl label namespace project-c13 pod-security.kubernetes.io/audit=restricted; Namespace 'project-h800' does not have Pod Security Standards enforcement configured. Pods can be created without security restrictions. Remediation: Add pod-security.kubernetes.io/enforce label to namespace 'project-h800'. Example: kubectl label namespace project-h800 pod-security.kubernetes.io/enforce=restricted --overwrite. Use 'restricted' for maximum security or 'baseline' for compatibility.; Namespace 'project-h800' missing Pod Security Standards audit mode. Consider adding for better visibility. Remediation: kubectl label namespace project-h800 pod-security.kubernetes.io/audit=restricted; Namespace 'project-r500' does not have Pod Security Standards enforcement configured. Pods can be created without security restrictions. Remediation: Add pod-security.kubernetes.io/enforce label to namespace 'project-r500'. Example: kubectl label namespace project-r500 pod-security.kubernetes.io/enforce=restricted --overwrite. Use 'restricted' for maximum security or 'baseline' for compatibility.; Namespace 'project-r500' missing Pod Security Standards audit mode. Consider adding for better visibility. Remediation: kubectl label namespace project-r500 pod-security.kubernetes.io/audit=restricted; Namespace 'project-swan' does not have Pod Security Standards enforcement configured. Pods can be created without security restrictions. Remediation: Add pod-security.kubernetes.io/enforce label to namespace 'project-swan'. Example: kubectl label namespace project-swan pod-security.kubernetes.io/enforce=restricted --overwrite. Use 'restricted' for maximum security or 'baseline' for compatibility.; Namespace 'project-swan' missing Pod Security Standards audit mode. Consider adding for better visibility. Remediation: kubectl label namespace project-swan pod-security.kubernetes.io/audit=restricted,Add pod-security.kubernetes.io/enforce label to namespaces with value 'restricted' or 'baseline'. Example: kubectl label namespace <namespace> pod-security.kubernetes.io/enforce=restricted,2026-01-19T15:54:00+05:00
1.2.7,FAIL,HIGH,2,kube-system/kube-apiserver-kind-control-plane: Missing required flag '--anonymous-auth'. Remediation: Add '--anonymous-auth=false' to API server configuration; kube-system/kube-apiserver-kind-control-plane: Missing required flag '--audit-log-maxage'. Remediation: Add '--audit-log-maxage=30' to API server configuration; kube-system/kube-apiserver-kind-control-plane: Missing required flag '--audit-log-maxbackup'. Remediation: Add '--audit-log-maxbackup=10' to API server configuration; kube-system/kube-apiserver-kind-control-plane: Missing required flag '--audit-log-maxsize'. Remediation: Add '--audit-log-maxsize=100' to API server configuration; kube-system/kube-apiserver-kind-control-plane: Missing required flag '--request-timeout'. Remediation: Add '--request-timeout=300s' to API server configuration; kube-system/kube-apiserver-kind-control-plane: Missing required flag '--service-account-lookup'. Remediation: Add '--service-account-lookup=true' to API server configuration; kube-system/kube-apiserver-kind-control-plane: Flag '--enable-bootstrap-token-auth' has invalid value 'true'. Expected 'false'. Remediation: Set '--enable-bootstrap-token-auth=false' in API server configuration; kube-system/kube-apiserver-kind-control-plane: Missing required flag '--tls-min-version'. Remediation: Add '--tls-min-version=VersionTLS12' to API server configuration,Edit the API server pod specification file and set --audit-log-maxsize=100,2026-01-19T15:54:00+05:00
5.2.2,FAIL,HIGH,2,Container 'operator' in pod 'minio/minio-operator-5d8f5d6646-9pxfr' has writable root filesystem. Remediation: Set securityContext.readOnlyRootFilesystem=true in container specification. Ensure required volumes are mounted as tmpfs or emptyDir if write access is needed.; Container 'operator' in pod 'minio/minio-operator-5d8f5d6646-9vcdc' has writable root filesystem. Remediation: Set securityContext.readOnlyRootFilesystem=true in container specification. Ensure required volumes are mounted as tmpfs or emptyDir if write access is needed.; Container 'grafana-sc-dashboard' in pod 'monitoring/kube-prometheus-stack-grafana-649b77f6f9-57smr' has writable root filesystem. Remediation: Set securityContext.readOnlyRootFilesystem=true in container specification. Ensure required volumes are mounted as tmpfs or emptyDir if write access is needed.; Container 'grafana-sc-datasources' in pod 'monitoring/kube-prometheus-stack-grafana-649b77f6f9-57smr' has writable root filesystem. Remediation: Set securityContext.readOnlyRootFilesystem=true in container specification. Ensure required volumes are mounted as tmpfs or emptyDir if write access is needed.; Container 'grafana' in pod 'monitoring/kube-prometheus-stack-grafana-649b77f6f9-57smr' has writable root filesystem. Remediation: Set securityContext.readOnlyRootFilesystem=true in container specification. Ensure required volumes are mounted as tmpfs or emptyDir if write access is needed.; Container 'kube-state-metrics' in pod 'monitoring/kube-prometheus-stack-kube-state-metrics-5f454f8889-x989q' has writable root filesystem. Remediation: Set securityContext.readOnlyRootFilesystem=true in container specification. Ensure required volumes are mounted as tmpfs or emptyDir if write access is needed.,"Ensure Pod Security Standards are properly configured and enforced. Pods should not run as root, use privileged mode, or allow privilege escalation.",2026-01-19T15:54:00+05:00
1.2.8,FAIL,MEDIUM,1,kube-system/kube-apiserver-kind-control-plane: Missing required flag '--audit-log-maxbackup'. Remediation: Add '--audit-log-maxbackup=10' to API server configuration; kube-system/kube-apiserver-kind-control-plane: Missing required flag '--request-timeout'. Remediation: Add '--request-timeout=300s' to API server configuration; kube-system/kube-apiserver-kind-control-plane: Flag '--enable-bootstrap-token-auth' has invalid value 'true'. Expected 'false'. Remediation: Set '--enable-bootstrap-token-auth=false' in API server configuration; kube-system/kube-apiserver-kind-control-plane: Missing required flag '--anonymous-auth'. Remediation: Add '--anonymous-auth=false' to API server configuration; kube-system/kube-apiserver-kind-control-plane: Missing required flag '--audit-log-maxage'. Remediation: Add '--audit-log-maxage=30' to API server configuration; kube-system/kube-apiserver-kind-control-plane: Missing required flag '--audit-log-maxsize'. Remediation: Add '--audit-log-maxsize=100' to API server configuration; kube-system/kube-apiserver-kind-control-plane: Missing required flag '--service-account-lookup'. Remediation: Add '--service-account-lookup=true' to API server configuration; kube-system/kube-apiserver-kind-control-plane: Missing required flag '--tls-min-version'. Remediation: Add '--tls-min-version=VersionTLS12' to API server configuration,Edit the API server pod specification file and set --request-timeout=300s,2026-01-19T15:54:00+05:00
1.2.9,FAIL,HIGH,2,kube-system/kube-apiserver-kind-control-plane: Missing required flag '--audit-log-maxbackup'. Remediation: Add '--audit-log-maxbackup=10' to API server configuration; kube-system/kube-apiserver-kind-control-plane: Missing required flag '--request-timeout'. Remediation: Add '--request-timeout=300s' to API server configuration; kube-system/kube-apiserver-kind-control-plane: Missing required flag '--service-account-lookup'. Remediation: Add '--service-account-lookup=true' to API server configuration; kube-system/kube-apiserver-kind-control-plane: Missing required flag '--anonymous-auth'. Remediation: Add '--anonymous-auth=false' to API server configuration; kube-system/kube-apiserver-kind-control-plane: Missing required flag '--audit-log-maxsize'. Remediation: Add '--audit-log-maxsize=100' to API server configuration; kube-system/kube-apiserver-kind-control-plane: Flag '--enable-bootstrap-token-auth' has invalid value 'true'. Expected 'false'. Remediation: Set '--enable-bootstrap-token-auth=false' in API server configuration; kube-system/kube-apiserver-kind-control-plane: Missing required flag '--tls-min-version'. Remediation: Add '--tls-min-version=VersionTLS12' to API server configuration; kube-system/kube-apiserver-kind-control-plane: Missing required flag '--audit-log-maxage'. Remediation: Add '--audit-log-maxage=30' to API server configuration,Edit the API server pod specification file and set --service-account-lookup=true,2026-01-19T15:54:00+05:00
1.2.10,FAIL,HIGH,2,kube-system/kube-apiserver-kind-control-plane: Missing required flag '--audit-log-maxsize'. Remediation: Add '--audit-log-maxsize=100' to API server configuration; kube-system/kube-apiserver-kind-control-plane: Flag '--enable-bootstrap-token-auth' has invalid value 'true'. Expected 'false'. Remediation: Set '--enable-bootstrap-token-auth=false' in API server configuration; kube-system/kube-apiserver-kind-control-plane: Missing required flag '--request-timeout'. Remediation: Add '--request-timeout=300s' to API server configuration; kube-system/kube-apiserver-kind-control-plane: Missing required flag '--service-account-lookup'. Remediation: Add '--service-account-lookup=true' to API server configuration; kube-system/kube-apiserver-kind-control-plane: Missing required flag '--tls-min-version'. Remediation: Add '--tls-min-version=VersionTLS12' to API server configuration; kube-system/kube-apiserver-kind-control-plane: Missing required flag '--anonymous-auth'. Remediation: Add '--anonymous-auth=false' to API server configuration; kube-system/kube-apiserver-kind-control-plane: Missing required flag '--audit-log-maxage'. Remediation: Add '--audit-log-maxage=30' to API server configuration; kube-system/kube-apiserver-kind-control-plane: Missing required flag '--audit-log-maxbackup'. Remediation: Add '--audit-log-maxbackup=10' to API server configuration,Edit the API server pod specification file and set --enable-bootstrap-token-auth=false,2026-01-19T15:54:01+05:00
1.2.11,FAIL,HIGH,2,kube-system/kube-apiserver-kind-control-plane: Missing required flag '--anonymous-auth'. Remediation: Add '--anonymous-auth=false' to API server configuration; kube-system/kube-apiserver-kind-control-plane: Missing required flag '--audit-log-maxage'. Remediation: Add '--audit-log-maxage=30' to API server configuration; kube-system/kube-apiserver-kind-control-plane: Missing required flag '--audit-log-maxsize'. Remediation: Add '--audit-log-maxsize=100' to API server configuration; kube-system/kube-apiserver-kind-control-plane: Missing required flag '--audit-log-maxbackup'. Remediation: Add '--audit-log-maxbackup=10' to API server configuration; kube-system/kube-apiserver-kind-control-plane: Missing required flag '--request-timeout'. Remediation: Add '--request-timeout=300s' to API server configuration; kube-system/kube-apiserver-kind-control-plane: Missing required flag '--service-account-lookup'. Remediation: Add '--service-account-lookup=true' to API server configuration; kube-system/kube-apiserver-kind-control-plane: Flag '--enable-bootstrap-token-auth' has invalid value 'true'. Expected 'false'. Remediation: Set '--enable-bootstrap-token-auth=false' in API server configuration; kube-system/kube-apiserver-kind-control-plane: Missing required flag '--tls-min-version'. Remediation: Add '--tls-min-version=VersionTLS12' to API server configuration,Edit the API server pod specification file and set --tls-cipher-suites to strong cipher suites,2026-01-19T15:54:01+05:00
1.2.12,FAIL,HIGH,2,kube-system/kube-apiserver-kind-control-plane: Flag '--enable-bootstrap-token-auth' has invalid value 'true'. Expected 'false'. Remediation: Set '--enable-bootstrap-token-auth=false' in API server configuration; kube-system/kube-apiserver-kind-control-plane: Missing required flag '--audit-log-maxage'. Remediation: Add '--audit-log-maxage=30' to API server configuration; kube-system/kube-apiserver-kind-control-plane: Missing required flag '--audit-log-maxbackup'. Remediation: Add '--audit-log-maxbackup=10' to API server configuration; kube-system/kube-apiserver-kind-control-plane: Missing required flag '--service-account-lookup'. Remediation: Add '--service-account-lookup=true' to API server configuration; kube-system/kube-apiserver-kind-control-plane: Missing required flag '--tls-min-version'. Remediation: Add '--tls-min-version=VersionTLS12' to API server configuration; kube-system/kube-apiserver-kind-control-plane: Missing required flag '--anonymous-auth'. Remediation: Add '--anonymous-auth=false' to API server configuration; kube-system/kube-apiserver-kind-control-plane: Missing required flag '--audit-log-maxsize'. Remediation: Add '--audit-log-maxsize=100' to API server configuration; kube-system/kube-apiserver-kind-control-plane: Missing required flag '--request-timeout'. Remediation: Add '--request-timeout=300s' to API server configuration,Edit the API server pod specification file and set --tls-min-version=VersionTLS12,2026-01-19T15:54:01+05:00
1.2.3,FAIL,CRITICAL,3,kube-system/kube-apiserver-kind-control-plane: Missing required flag '--anonymous-auth'. Remediation: Add '--anonymous-auth=false' to API server configuration; kube-system/kube-apiserver-kind-control-plane: Missing required flag '--audit-log-maxage'. Remediation: Add '--audit-log-maxage=30' to API server configuration; kube-system/kube-apiserver-kind-control-plane: Missing required flag '--audit-log-maxbackup'. Remediation: Add '--audit-log-maxbackup=10' to API server configuration; kube-system/kube-apiserver-kind-control-plane: Missing required flag '--audit-log-maxsize'. Remediation: Add '--audit-log-maxsize=100' to API server configuration; kube-system/kube-apiserver-kind-control-plane: Missing required flag '--request-timeout'. Remediation: Add '--request-timeout=300s' to API server configuration; kube-system/kube-apiserver-kind-control-plane: Missing required flag '--service-account-lookup'. Remediation: Add '--service-account-lookup=true' to API server configuration; kube-system/kube-apiserver-kind-control-plane: Missing required flag '--tls-min-version'. Remediation: Add '--tls-min-version=VersionTLS12' to API server configuration; kube-system/kube-apiserver-kind-control-plane: Flag '--enable-bootstrap-token-auth' has invalid value 'true'. Expected 'false'. Remediation: Set '--enable-bootstrap-token-auth=false' in API server configuration,Edit the API server pod specification file and ensure --authorization-mode includes Node,2026-01-19T15:54:01+05:00
1.2.1,FAIL,CRITICAL,3,kube-system/kube-apiserver-kind-control-plane: Missing required flag '--service-account-lookup'. Remediation: Add '--service-account-lookup=true' to API server configuration; kube-system/kube-apiserver-kind-control-plane: Flag '--enable-bootstrap-token-auth' has invalid value 'true'. Expected 'false'. Remediation: Set '--enable-bootstrap-token-auth=false' in API server configuration; kube-system/kube-apiserver-kind-control-plane: Missing required flag '--anonymous-auth'. Remediation: Add '--anonymous-auth=false' to API server configuration; kube-system/kube-apiserver-kind-control-plane: Missing required flag '--audit-log-maxage'. Remediation: Add '--audit-log-maxage=30' to API server configuration; kube-system/kube-apiserver-kind-control-plane: Missing required flag '--request-timeout'. Remediation: Add '--request-timeout=300s' to API server configuration; kube-system/kube-apiserver-kind-control-plane: Missing required flag '--tls-min-version'. Remediation: Add '--tls-min-version=VersionTLS12' to API server configuration; kube-system/kube-apiserver-kind-control-plane: Missing required flag '--audit-log-maxbackup'. Remediation: Add '--audit-log-maxbackup=10' to API server configuration; kube-system/kube-apiserver-kind-control-plane: Missing required flag '--audit-log-maxsize'. Remediation: Add '--audit-log-maxsize=100' to API server configuration,Edit the API server pod specification file and set --anonymous-auth=false,2026-01-19T15:54:01+05:00
1.2.2,FAIL,CRITICAL,3,kube-system/kube-apiserver-kind-control-plane: Missing required flag '--audit-log-maxbackup'. Remediation: Add '--audit-log-maxbackup=10' to API server configuration; kube-system/kube-apiserver-kind-control-plane: Missing required flag '--service-account-lookup'. Remediation: Add '--service-account-lookup=true' to API server configuration; kube-system/kube-apiserver-kind-control-plane: Flag '--enable-bootstrap-token-auth' has invalid value 'true'. Expected 'false'. Remediation: Set '--enable-bootstrap-token-auth=false' in API server configuration; kube-system/kube-apiserver-kind-control-plane: Missing required flag '--tls-min-version'. Remediation: Add '--tls-min-version=VersionTLS12' to API server configuration; kube-system/kube-apiserver-kind-control-plane: Missing required flag '--audit-log-maxage'. Remediation: Add '--audit-log-maxage=30' to API server configuration; kube-system/kube-apiserver-kind-control-plane: Missing required flag '--audit-log-maxsize'. Remediation: Add '--audit-log-maxsize=100' to API server configuration; kube-system/kube-apiserver-kind-control-plane: Missing required flag '--request-timeout'. Remediation: Add '--request-timeout=300s' to API server configuration; kube-system/kube-apiserver-kind-control-plane: Missing required flag '--anonymous-auth'. Remediation: Add '--anonymous-auth=false' to API server configuration,"Edit the API server pod specification file and set --authorization-mode to Node,RBAC",2026-01-19T15:54:02+05:00
1.2.5,FAIL,HIGH,2,kube-system/kube-apiserver-kind-control-plane: Flag '--enable-bootstrap-token-auth' has invalid value 'true'. Expected 'false'. Remediation: Set '--enable-bootstrap-token-auth=false' in API server configuration; kube-system/kube-apiserver-kind-control-plane: Missing required flag '--tls-min-version'. Remediation: Add '--tls-min-version=VersionTLS12' to API server configuration; kube-system/kube-apiserver-kind-control-plane: Missing required flag '--anonymous-auth'. Remediation: Add '--anonymous-auth=false' to API server configuration; kube-system/kube-apiserver-kind-control-plane: Missing required flag '--audit-log-maxage'. Remediation: Add '--audit-log-maxage=30' to API server configuration; kube-system/kube-apiserver-kind-control-plane: Missing required flag '--request-timeout'. Remediation: Add '--request-timeout=300s' to API server configuration; kube-system/kube-apiserver-kind-control-plane: Missing required flag '--audit-log-maxbackup'. Remediation: Add '--audit-log-maxbackup=10' to API server configuration; kube-system/kube-apiserver-kind-control-plane: Missing required flag '--audit-log-maxsize'. Remediation: Add '--audit-log-maxsize=100' to API server configuration; kube-system/kube-apiserver-kind-control-plane: Missing required flag '--service-account-lookup'. Remediation: Add '--service-account-lookup=true' to API server configuration,Edit the API server pod specification file and set --audit-log-maxage=30,2026-01-19T15:54:02+05:00
1.2.4,FAIL,CRITICAL,3,kube-system/kube-apiserver-kind-control-plane: Missing required flag '--audit-log-maxage'. Remediation: Add '--audit-log-maxage=30' to API server configuration; kube-system/kube-apiserver-kind-control-plane: Missing required flag '--audit-log-maxbackup'. Remediation: Add '--audit-log-maxbackup=10' to API server configuration; kube-system/kube-apiserver-kind-control-plane: Missing required flag '--audit-log-maxsize'. Remediation: Add '--audit-log-maxsize=100' to API server configuration; kube-system/kube-apiserver-kind-control-plane: Missing required flag '--request-timeout'. Remediation: Add '--request-timeout=300s' to API server configuration; kube-system/kube-apiserver-kind-control-plane: Missing required flag '--service-account-lookup'. Remediation: Add '--service-account-lookup=true' to API server configuration; kube-system/kube-apiserver-kind-control-plane: Flag '--enable-bootstrap-token-auth' has invalid value 'true'. Expected 'false'. Remediation: Set '--enable-bootstrap-token-auth=false' in API server configuration; kube-system/kube-apiserver-kind-control-plane: Missing required flag '--tls-min-version'. Remediation: Add '--tls-min-version=VersionTLS12' to API server configuration; kube-system/kube-apiserver-kind-control-plane: Missing required flag '--anonymous-auth'. Remediation: Add '--anonymous-auth=false' to API server configuration,Edit the API server pod specification file and ensure --authorization-mode includes RBAC,2026-01-19T15:54:02+05:00
1.2.6,FAIL,HIGH,2,kube-system/kube-apiserver-kind-control-plane: Missing required flag '--audit-log-maxage'. Remediation: Add '--audit-log-maxage=30' to API server configuration; kube-system/kube-apiserver-kind-control-plane: Missing required flag '--audit-log-maxbackup'. Remediation: Add '--audit-log-maxbackup=10' to API server configuration; kube-system/kube-apiserver-kind-control-plane: Missing required flag '--audit-log-maxsize'. Remediation: Add '--audit-log-maxsize=100' to API server configuration; kube-system/kube-apiserver-kind-control-plane: Missing required flag '--request-timeout'. Remediation: Add '--request-timeout=300s' to API server configuration; kube-system/kube-apiserver-kind-control-plane: Missing required flag '--service-account-lookup'. Remediation: Add '--service-account-lookup=true' to API server configuration; kube-system/kube-apiserver-kind-control-plane: Flag '--enable-bootstrap-token-auth' has invalid value 'true'. Expected 'false'. Remediation: Set '--enable-bootstrap-token-auth=false' in API server configuration; kube-system/kube-apiserver-kind-control-plane: Missing required flag '--tls-min-version'. Remediation: Add '--tls-min-version=VersionTLS12' to API server configuration; kube-system/kube-apiserver-kind-control-plane: Missing required flag '--anonymous-auth'. Remediation: Add '--anonymous-auth=false' to API server configuration,Edit the API server pod specification file and set --audit-log-maxbackup=10,2026-01-19T15:54:03+05:00
1.1.20,FAIL,CRITICAL,3,kube-system/kube-apiserver-kind-control-plane: API server does not have --encryption-provider-config flag set. etcd data is stored in plaintext. Remediation: Configure encryption provider using --encryption-provider-config flag pointing to encryption configuration file. See: https://kubernetes.io/docs/tasks/administer-cluster/encrypt-data/,Configure etcd encryption at rest using --encryption-provider-config flag. See: https://kubernetes.io/docs/tasks/administer-cluster/encrypt-data/,2026-01-19T15:54:04+05:00
1.1.1,FAIL,CRITICAL,2,"ClusterRole 'cluster-admin' contains wildcard privileges: verbs=*, resources=*, apiGroups=*. This violates the principle of least privilege. Remediation: Replace wildcard privileges with specific verbs, resources, and API groups. Example: Use ['get', 'list'] instead of ['*'], use ['pods', 'services'] instead of ['*']; ClusterRole 'cluster-admin' contains wildcard privileges: verbs=*. This violates the principle of least privilege. Remediation: Replace wildcard privileges with specific verbs, resources, and API groups. Example: Use ['get', 'list'] instead of ['*'], use ['pods', 'services'] instead of ['*']; ClusterRole 'gatekeeper-manager-role' contains wildcard privileges: resources=*, apiGroups=*. This violates the principle of least privilege. Remediation: Replace wildcard privileges with specific verbs, resources, and API groups. Example: Use ['get', 'list'] instead of ['*'], use ['pods', 'services'] instead of ['*']; ClusterRole 'gatekeeper-manager-role' contains wildcard privileges: resources=*. This violates the principle of least privilege. Remediation: Replace wildcard privileges with specific verbs, resources, and API groups. Example: Use ['get', 'list'] instead of ['*'], use ['pods', 'services'] instead of ['*']; ClusterRole 'gatekeeper-manager-role' contains wildcard privileges: resources=*. This violates the principle of least privilege. Remediation: Replace wildcard privileges with specific verbs, resources, and API groups. Example: Use ['get', 'list'] instead of ['*'], use ['pods', 'services'] instead of ['*']; ClusterRole 'gatekeeper-manager-role' contains wildcard privileges: resources=*. This violates the principle of least privilege. Remediation: Replace wildcard privileges with specific verbs, resources, and API groups. Example: Use ['get', 'list'] instead of ['*'], use ['pods', 'services'] instead of ['*']; ClusterRole 'gatekeeper-manager-role' contains wildcard privileges: resources=*. This violates the principle of least privilege. Remediation: Replace wildcard privileges with specific verbs, resources, and API groups. Example: Use ['get', 'list'] instead of ['*'], use ['pods', 'services'] instead of ['*']; ClusterRole 'kube-prometheus-stack-operator' contains wildcard privileges: verbs=*. This violates the principle of least privilege. Remediation: Replace wildcard privileges with specific verbs, resources, and API groups. Example: Use ['get', 'list'] instead of ['*'], use ['pods', 'services'] instead of ['*']; ClusterRole 'kube-prometheus-stack-operator' contains wildcard privileges: verbs=*. This violates the principle of least privilege. Remediation: Replace wildcard privileges with specific verbs, resources, and API groups. Example: Use ['get', 'list'] instead of ['*'], use ['pods', 'services'] instead of ['*']; ClusterRole 'kube-prometheus-stack-operator' contains wildcard privileges: verbs=*. This violates the principle of least privilege. Remediation: Replace wildcard privileges with specific verbs, resources, and API groups. Example: Use ['get', 'list'] instead of ['*'], use ['pods', 'services'] instead of ['*']; ClusterRole 'local-path-provisioner-role' contains wildcard privileges: verbs=*. This violates the principle of least privilege. Remediation: Replace wildcard privileges with specific verbs, resources, and API groups. Example: Use ['get', 'list'] instead of ['*'], use ['pods', 'services'] instead of ['*']; ClusterRole 'minio-operator-role' contains wildcard privileges: verbs=*, resources=*. This violates the principle of least privilege. Remediation: Replace wildcard privileges with specific verbs, resources, and API groups. Example: Use ['get', 'list'] instead of ['*'], use ['pods', 'services'] instead of ['*']; ClusterRole 'minio-operator-role' contains wildcard privileges: verbs=*, resources=*. This violates the principle of least privilege. Remediation: Replace wildcard privileges with specific verbs, resources, and API groups. Example: Use ['get', 'list'] instead of ['*'], use ['pods', 'services'] instead of ['*']; ClusterRoleBinding 'cluster-admin' grants cluster-admin privileges to non-system accounts. This is a critical security risk. Remediation: Review and restrict ClusterRoleBinding 'cluster-admin'. Use least privilege roles instead of cluster-admin. Consider creating custom ClusterRoles with only required permissions.; ClusterRoleBinding 'kubeadm:cluster-admins' grants cluster-admin privileges to non-system accounts. This is a critical security risk. Remediation: Review and restrict ClusterRoleBinding 'kubeadm:cluster-admins'. Use least privilege roles instead of cluster-admin. Consider creating custom ClusterRoles with only required permissions.",Avoid giving '*' verbs/resources to cluster-admin or any other roles. Review all ClusterRoles and Roles for wildcard privileges.,2026-01-19T15:54:06+05:00
4.1.2,PASS,HIGH,2,,Create NetworkPolicies to cover all pods in the cluster. Ensure podSelector matches pod labels.,2026-01-19T15:54:38+05:00
2.1.8,PASS,CRITICAL,2,,Set securityContext.allowPrivilegeEscalation=false for all containers.,2026-01-19T15:54:44+05:00
2.2.4,WARN,MEDIUM,1,default/nginx-bf5d5cf98-p5lww:nginx; default/test-pod:test-pod; kube-system/etcd-kind-control-plane:etcd; kube-system/kindnet-6zcqv:kindnet-cni; kube-system/kindnet-jgg68:kindnet-cni; kube-system/kindnet-t62ln:kindnet-cni; kube-system/kube-controller-manager-kind-control-plane:kube-controller-manager; kube-system/kube-proxy-455st:kube-proxy; kube-system/kube-proxy-7tg46:kube-proxy; kube-system/kube-proxy-rwzvg:kube-proxy; kube-system/kube-scheduler-kind-control-plane:kube-scheduler; local-path-storage/local-path-provisioner-988d74bc-4kg4t:local-path-provisioner; minio/minio-operator-5d8f5d6646-9pxfr:operator; minio/minio-operator-5d8f5d6646-9vcdc:operator; monitoring/alertmanager-kube-prometheus-stack-alertmanager-0:config-reloader; monitoring/kube-prometheus-stack-grafana-649b77f6f9-57smr:grafana-sc-dashboard; monitoring/kube-prometheus-stack-grafana-649b77f6f9-57smr:grafana-sc-datasources; monitoring/kube-prometheus-stack-operator-6f6c8f9cb4-v9q8p:kube-prometheus-stack; monitoring/prometheus-kube-prometheus-stack-prometheus-0:config-reloader; project-c13/pod-no-priority:pod-no-priority; project-h800/03db-5db5bdd885-c4q4z:nginx,Configure readinessProbe for all containers to ensure traffic is only sent to ready pods.,2026-01-19T15:54:44+05:00
2.1.2,FAIL,CRITICAL,2,kube-system/kube-proxy-455st; kube-system/kube-proxy-7tg46; kube-system/kube-proxy-rwzvg,Set securityContext.privileged=false in all pod/container specs.,2026-01-19T15:54:45+05:00
2.1.5,WARN,HIGH,1,default/nginx-bf5d5cf98-p5lww:nginx; default/test-pod:test-pod; kube-system/etcd-kind-control-plane:etcd; kube-system/kindnet-6zcqv:kindnet-cni; kube-system/kindnet-jgg68:kindnet-cni; kube-system/kindnet-t62ln:kindnet-cni; kube-system/kube-apiserver-kind-control-plane:kube-apiserver; kube-system/kube-controller-manager-kind-control-plane:kube-controller-manager; kube-system/kube-proxy-455st:kube-proxy; kube-system/kube-proxy-7tg46:kube-proxy; kube-system/kube-proxy-rwzvg:kube-proxy; kube-system/kube-scheduler-kind-control-plane:kube-scheduler; local-path-storage/local-path-provisioner-988d74bc-4kg4t:local-path-provisioner; minio/minio-operator-5d8f5d6646-9pxfr:operator; minio/minio-operator-5d8f5d6646-9vcdc:operator; monitoring/kube-prometheus-stack-grafana-649b77f6f9-57smr:grafana-sc-dashboard; monitoring/kube-prometheus-stack-grafana-649b77f6f9-57smr:grafana-sc-datasources; monitoring/kube-prometheus-stack-grafana-649b77f6f9-57smr:grafana; monitoring/kube-prometheus-stack-kube-state-metrics-5f454f8889-x989q:kube-state-metrics; project-c13/pod-no-priority:pod-no-priority; project-h800/03db-5db5bdd885-c4q4z:nginx,Set securityContext.readOnlyRootFilesystem=true for all containers.,2026-01-19T15:54:45+05:00
2.2.2,WARN,WARN,1,default/nginx-bf5d5cf98-p5lww; default/test-pod; kube-system/etcd-kind-control-plane; kube-system/kube-apiserver-kind-control-plane; kube-system/kube-controller-manager-kind-control-plane; kube-system/kube-scheduler-kind-control-plane; project-c13/pod-no-priority; project-h800/03db-5db5bdd885-c4q4z,Use a dedicated ServiceAccount for each application.,2026-01-19T15:54:45+05:00
2.2.3,WARN,MEDIUM,1,default/nginx-bf5d5cf98-p5lww:nginx; default/test-pod:test-pod; kube-system/kindnet-6zcqv:kindnet-cni; kube-system/kindnet-jgg68:kindnet-cni; kube-system/kindnet-t62ln:kindnet-cni; kube-system/kube-proxy-455st:kube-proxy; kube-system/kube-proxy-7tg46:kube-proxy; kube-system/kube-proxy-rwzvg:kube-proxy; local-path-storage/local-path-provisioner-988d74bc-4kg4t:local-path-provisioner; minio/minio-operator-5d8f5d6646-9pxfr:operator; minio/minio-operator-5d8f5d6646-9vcdc:operator; monitoring/alertmanager-kube-prometheus-stack-alertmanager-0:config-reloader; monitoring/kube-prometheus-stack-grafana-649b77f6f9-57smr:grafana-sc-dashboard; monitoring/kube-prometheus-stack-grafana-649b77f6f9-57smr:grafana-sc-datasources; monitoring/kube-prometheus-stack-operator-6f6c8f9cb4-v9q8p:kube-prometheus-stack; monitoring/prometheus-kube-prometheus-stack-prometheus-0:config-reloader; project-c13/pod-no-priority:pod-no-priority; project-h800/03db-5db5bdd885-c4q4z:nginx,Configure livenessProbe for all containers to detect and restart unhealthy containers.,2026-01-19T15:54:45+05:00
2.2.1,WARN,WARN,1,default/nginx-bf5d5cf98-p5lww; default/test-pod; kube-system/etcd-kind-control-plane; kube-system/kube-apiserver-kind-control-plane; kube-system/kube-controller-manager-kind-control-plane; kube-system/kube-proxy-455st; kube-system/kube-proxy-7tg46; kube-system/kube-proxy-rwzvg; kube-system/kube-scheduler-kind-control-plane; kube-system/metrics-server-7fbfbcc44c-g98ms; local-path-storage/local-path-provisioner-988d74bc-4kg4t; minio/minio-operator-5d8f5d6646-9pxfr; minio/minio-operator-5d8f5d6646-9vcdc; monitoring/alertmanager-kube-prometheus-stack-alertmanager-0; monitoring/kube-prometheus-stack-grafana-649b77f6f9-57smr; monitoring/kube-prometheus-stack-kube-state-metrics-5f454f8889-x989q; monitoring/kube-prometheus-stack-prometheus-node-exporter-8nlqg; monitoring/kube-prometheus-stack-prometheus-node-exporter-cjp85; monitoring/kube-prometheus-stack-prometheus-node-exporter-zc6nx; monitoring/prometheus-kube-prometheus-stack-prometheus-0; project-c13/pod-no-priority; project-h800/03db-5db5bdd885-c4q4z,Define CPU/memory requests and limits in pod specs.,2026-01-19T15:54:45+05:00
2.1.6,WARN,HIGH,1,kube-system/kindnet-6zcqv:kindnet-cni (NET_ADMIN); kube-system/kindnet-jgg68:kindnet-cni (NET_ADMIN); kube-system/kindnet-t62ln:kindnet-cni (NET_ADMIN),"Drop ALL capabilities and add only required ones. Avoid adding dangerous capabilities like SYS_ADMIN, NET_ADMIN.",2026-01-19T15:54:46+05:00
2.1.7,PASS,CRITICAL,2,,Use secretKeyRef or mounted secrets instead of plain environment variables for sensitive data.,2026-01-19T15:54:46+05:00
2.1.4,WARN,MEDIUM,1,default/nginx-bf5d5cf98-p5lww:nginx; default/test-pod:test-pod; project-h800/03db-5db5bdd885-c4q4z:nginx,Set imagePullPolicy to 'IfNotPresent' or 'Never' instead of 'Always' to prevent unnecessary image pulls.,2026-01-19T15:54:46+05:00
2.1.3,FAIL,CRITICAL,1,kube-system/etcd-kind-control-plane; kube-system/kindnet-6zcqv; kube-system/kindnet-jgg68; kube-system/kindnet-t62ln; kube-system/kube-apiserver-kind-control-plane; kube-system/kube-controller-manager-kind-control-plane; kube-system/kube-proxy-455st; kube-system/kube-proxy-7tg46; kube-system/kube-proxy-rwzvg; kube-system/kube-scheduler-kind-control-plane; monitoring/kube-prometheus-stack-prometheus-node-exporter-8nlqg; monitoring/kube-prometheus-stack-prometheus-node-exporter-cjp85; monitoring/kube-prometheus-stack-prometheus-node-exporter-zc6nx,Avoid using hostPath volumes unless absolutely necessary.,2026-01-19T15:54:46+05:00
2.1.1,FAIL,CRITICAL,2,default/nginx-bf5d5cf98-p5lww; default/test-pod; kube-system/etcd-kind-control-plane; kube-system/kube-apiserver-kind-control-plane; kube-system/kube-controller-manager-kind-control-plane; kube-system/kube-scheduler-kind-control-plane; local-path-storage/local-path-provisioner-988d74bc-4kg4t; monitoring/kube-prometheus-stack-grafana-649b77f6f9-57smr; project-c13/pod-no-priority; project-h800/03db-5db5bdd885-c4q4z,Set securityContext.runAsNonRoot=true for all containers and avoid runAsUser=0.,2026-01-19T15:54:47+05:00
1.1.8,PASS,HIGH,2,,Review ServiceAccount bindings and remove cluster-admin bindings. Use least privilege roles for ServiceAccounts.,2026-01-19T15:54:50+05:00
4.2.1,FAIL,MEDIUM,1,"Namespace 'api-gateway-prod' does not have any NetworkPolicies configured. This allows unrestricted network traffic between pods. Remediation: Create default-deny NetworkPolicy for namespace 'api-gateway-prod'. Example: kubectl apply -f - <<EOF
apiVersion: networking.k8s.io/v1
kind: NetworkPolicy
metadata:
  name: default-deny
  namespace: api-gateway-prod
spec:
  podSelector: {}
  policyTypes:
  - Ingress
  - Egress
EOF; Namespace 'api-gateway-prod' does not have ResourceQuota configured. This can lead to resource exhaustion. Remediation: Create ResourceQuota for namespace 'api-gateway-prod' to limit resource consumption. Example: kubectl create quota api-gateway-prod-quota --hard=cpu=2,memory=4Gi --namespace=api-gateway-prod; Namespace 'api-gateway-prod' does not have LimitRange configured. Containers can be created without resource limits. Remediation: Create LimitRange for namespace 'api-gateway-prod' to enforce default resource limits. Example: kubectl create limitrange api-gateway-prod-limits --default-request=cpu=100m,memory=128Mi --default=cpu=500m,memory=512Mi --namespace=api-gateway-prod; Namespace 'api-gateway-staging' does not have any NetworkPolicies configured. This allows unrestricted network traffic between pods. Remediation: Create default-deny NetworkPolicy for namespace 'api-gateway-staging'. Example: kubectl apply -f - <<EOF
apiVersion: networking.k8s.io/v1
kind: NetworkPolicy
metadata:
  name: default-deny
  namespace: api-gateway-staging
spec:
  podSelector: {}
  policyTypes:
  - Ingress
  - Egress
EOF; Namespace 'api-gateway-staging' does not have ResourceQuota configured. This can lead to resource exhaustion. Remediation: Create ResourceQuota for namespace 'api-gateway-staging' to limit resource consumption. Example: kubectl create quota api-gateway-staging-quota --hard=cpu=2,memory=4Gi --namespace=api-gateway-staging; Namespace 'api-gateway-staging' does not have LimitRange configured. Containers can be created without resource limits. Remediation: Create LimitRange for namespace 'api-gateway-staging' to enforce default resource limits. Example: kubectl create limitrange api-gateway-staging-limits --default-request=cpu=100m,memory=128Mi --default=cpu=500m,memory=512Mi --namespace=api-gateway-staging; Namespace 'default' does not have any NetworkPolicies configured. This allows unrestricted network traffic between pods. Remediation: Create default-deny NetworkPolicy for namespace 'default'. Example: kubectl apply -f - <<EOF
apiVersion: networking.k8s.io/v1
kind: NetworkPolicy
metadata:
  name: default-deny
  namespace: default
spec:
  podSelector: {}
  policyTypes:
  - Ingress
  - Egress
EOF; Namespace 'default' does not have ResourceQuota configured. This can lead to resource exhaustion. Remediation: Create ResourceQuota for namespace 'default' to limit resource consumption. Example: kubectl create quota default-quota --hard=cpu=2,memory=4Gi --namespace=default; Namespace 'default' does not have LimitRange configured. Containers can be created without resource limits. Remediation: Create LimitRange for namespace 'default' to enforce default resource limits. Example: kubectl create limitrange default-limits --default-request=cpu=100m,memory=128Mi --default=cpu=500m,memory=512Mi --namespace=default; Namespace 'gatekeeper-system' does not have any NetworkPolicies configured. This allows unrestricted network traffic between pods. Remediation: Create default-deny NetworkPolicy for namespace 'gatekeeper-system'. Example: kubectl apply -f - <<EOF
apiVersion: networking.k8s.io/v1
kind: NetworkPolicy
metadata:
  name: default-deny
  namespace: gatekeeper-system
spec:
  podSelector: {}
  policyTypes:
  - Ingress
  - Egress
EOF; Namespace 'gatekeeper-system' does not have LimitRange configured. Containers can be created without resource limits. Remediation: Create LimitRange for namespace 'gatekeeper-system' to enforce default resource limits. Example: kubectl create limitrange gatekeeper-system-limits --default-request=cpu=100m,memory=128Mi --default=cpu=500m,memory=512Mi --namespace=gatekeeper-system; Namespace 'local-path-storage' does not have any NetworkPolicies configured. This allows unrestricted network traffic between pods. Remediation: Create default-deny NetworkPolicy for namespace 'local-path-storage'. Example: kubectl apply -f - <<EOF
apiVersion: networking.k8s.io/v1
kind: NetworkPolicy
metadata:
  name: default-deny
  namespace: local-path-storage
spec:
  podSelector: {}
  policyTypes:
  - Ingress
  - Egress
EOF; Namespace 'local-path-storage' does not have ResourceQuota configured. This can lead to resource exhaustion. Remediation: Create ResourceQuota for namespace 'local-path-storage' to limit resource consumption. Example: kubectl create quota local-path-storage-quota --hard=cpu=2,memory=4Gi --namespace=local-path-storage; Namespace 'local-path-storage' does not have LimitRange configured. Containers can be created without resource limits. Remediation: Create LimitRange for namespace 'local-path-storage' to enforce default resource limits. Example: kubectl create limitrange local-path-storage-limits --default-request=cpu=100m,memory=128Mi --default=cpu=500m,memory=512Mi --namespace=local-path-storage; Namespace 'minio' does not have any NetworkPolicies configured. This allows unrestricted network traffic between pods. Remediation: Create default-deny NetworkPolicy for namespace 'minio'. Example: kubectl apply -f - <<EOF
apiVersion: networking.k8s.io/v1
kind: NetworkPolicy
metadata:
  name: default-deny
  namespace: minio
spec:
  podSelector: {}
  policyTypes:
  - Ingress
  - Egress
EOF; Namespace 'minio' does not have ResourceQuota configured. This can lead to resource exhaustion. Remediation: Create ResourceQuota for namespace 'minio' to limit resource consumption. Example: kubectl create quota minio-quota --hard=cpu=2,memory=4Gi --namespace=minio; Namespace 'minio' does not have LimitRange configured. Containers can be created without resource limits. Remediation: Create LimitRange for namespace 'minio' to enforce default resource limits. Example: kubectl create limitrange minio-limits --default-request=cpu=100m,memory=128Mi --default=cpu=500m,memory=512Mi --namespace=minio; Namespace 'monitoring' does not have any NetworkPolicies configured. This allows unrestricted network traffic between pods. Remediation: Create default-deny NetworkPolicy for namespace 'monitoring'. Example: kubectl apply -f - <<EOF
apiVersion: networking.k8s.io/v1
kind: NetworkPolicy
metadata:
  name: default-deny
  namespace: monitoring
spec:
  podSelector: {}
  policyTypes:
  - Ingress
  - Egress
EOF; Namespace 'monitoring' does not have ResourceQuota configured. This can lead to resource exhaustion. Remediation: Create ResourceQuota for namespace 'monitoring' to limit resource consumption. Example: kubectl create quota monitoring-quota --hard=cpu=2,memory=4Gi --namespace=monitoring; Namespace 'monitoring' does not have LimitRange configured. Containers can be created without resource limits. Remediation: Create LimitRange for namespace 'monitoring' to enforce default resource limits. Example: kubectl create limitrange monitoring-limits --default-request=cpu=100m,memory=128Mi --default=cpu=500m,memory=512Mi --namespace=monitoring; Namespace 'project-c13' does not have any NetworkPolicies configured. This allows unrestricted network traffic between pods. Remediation: Create default-deny NetworkPolicy for namespace 'project-c13'. Example: kubectl apply -f - <<EOF
apiVersion: networking.k8s.io/v1
kind: NetworkPolicy
metadata:
  name: default-deny
  namespace: project-c13
spec:
  podSelector: {}
  policyTypes:
  - Ingress
  - Egress
EOF; Namespace 'project-c13' does not have ResourceQuota configured. This can lead to resource exhaustion. Remediation: Create ResourceQuota for namespace 'project-c13' to limit resource consumption. Example: kubectl create quota project-c13-quota --hard=cpu=2,memory=4Gi --namespace=project-c13; Namespace 'project-c13' does not have LimitRange configured. Containers can be created without resource limits. Remediation: Create LimitRange for namespace 'project-c13' to enforce default resource limits. Example: kubectl create limitrange project-c13-limits --default-request=cpu=100m,memory=128Mi --default=cpu=500m,memory=512Mi --namespace=project-c13; Namespace 'project-h800' does not have any NetworkPolicies configured. This allows unrestricted network traffic between pods. Remediation: Create default-deny NetworkPolicy for namespace 'project-h800'. Example: kubectl apply -f - <<EOF
apiVersion: networking.k8s.io/v1
kind: NetworkPolicy
metadata:
  name: default-deny
  namespace: project-h800
spec:
  podSelector: {}
  policyTypes:
  - Ingress
  - Egress
EOF; Namespace 'project-h800' does not have ResourceQuota configured. This can lead to resource exhaustion. Remediation: Create ResourceQuota for namespace 'project-h800' to limit resource consumption. Example: kubectl create quota project-h800-quota --hard=cpu=2,memory=4Gi --namespace=project-h800; Namespace 'project-h800' does not have LimitRange configured. Containers can be created without resource limits. Remediation: Create LimitRange for namespace 'project-h800' to enforce default resource limits. Example: kubectl create limitrange project-h800-limits --default-request=cpu=100m,memory=128Mi --default=cpu=500m,memory=512Mi --namespace=project-h800; Namespace 'project-r500' does not have any NetworkPolicies configured. This allows unrestricted network traffic between pods. Remediation: Create default-deny NetworkPolicy for namespace 'project-r500'. Example: kubectl apply -f - <<EOF
apiVersion: networking.k8s.io/v1
kind: NetworkPolicy
metadata:
  name: default-deny
  namespace: project-r500
spec:
  podSelector: {}
  policyTypes:
  - Ingress
  - Egress
EOF; Namespace 'project-r500' does not have ResourceQuota configured. This can lead to resource exhaustion. Remediation: Create ResourceQuota for namespace 'project-r500' to limit resource consumption. Example: kubectl create quota project-r500-quota --hard=cpu=2,memory=4Gi --namespace=project-r500; Namespace 'project-r500' does not have LimitRange configured. Containers can be created without resource limits. Remediation: Create LimitRange for namespace 'project-r500' to enforce default resource limits. Example: kubectl create limitrange project-r500-limits --default-request=cpu=100m,memory=128Mi --default=cpu=500m,memory=512Mi --namespace=project-r500; Namespace 'project-swan' does not have any NetworkPolicies configured. This allows unrestricted network traffic between pods. Remediation: Create default-deny NetworkPolicy for namespace 'project-swan'. Example: kubectl apply -f - <<EOF
apiVersion: networking.k8s.io/v1
kind: NetworkPolicy
metadata:
  name: default-deny
  namespace: project-swan
spec:
  podSelector: {}
  policyTypes:
  - Ingress
  - Egress
EOF; Namespace 'project-swan' does not have ResourceQuota configured. This can lead to resource exhaustion. Remediation: Create ResourceQuota for namespace 'project-swan' to limit resource consumption. Example: kubectl create quota project-swan-quota --hard=cpu=2,memory=4Gi --namespace=project-swan; Namespace 'project-swan' does not have LimitRange configured. Containers can be created without resource limits. Remediation: Create LimitRange for namespace 'project-swan' to enforce default resource limits. Example: kubectl create limitrange project-swan-limits --default-request=cpu=100m,memory=128Mi --default=cpu=500m,memory=512Mi --namespace=project-swan",Create ResourceQuotas and LimitRanges for all namespaces to prevent resource exhaustion.,2026-01-19T15:54:51+05:00
4.1.1,FAIL,HIGH,2,"Namespace 'api-gateway-prod' does not have any NetworkPolicies configured. This allows unrestricted network traffic between pods. Remediation: Create default-deny NetworkPolicy for namespace 'api-gateway-prod'. Example: kubectl apply -f - <<EOF
apiVersion: networking.k8s.io/v1
kind: NetworkPolicy
metadata:
  name: default-deny
  namespace: api-gateway-prod
spec:
  podSelector: {}
  policyTypes:
  - Ingress
  - Egress
EOF; Namespace 'api-gateway-prod' does not have ResourceQuota configured. This can lead to resource exhaustion. Remediation: Create ResourceQuota for namespace 'api-gateway-prod' to limit resource consumption. Example: kubectl create quota api-gateway-prod-quota --hard=cpu=2,memory=4Gi --namespace=api-gateway-prod; Namespace 'api-gateway-prod' does not have LimitRange configured. Containers can be created without resource limits. Remediation: Create LimitRange for namespace 'api-gateway-prod' to enforce default resource limits. Example: kubectl create limitrange api-gateway-prod-limits --default-request=cpu=100m,memory=128Mi --default=cpu=500m,memory=512Mi --namespace=api-gateway-prod; Namespace 'api-gateway-staging' does not have any NetworkPolicies configured. This allows unrestricted network traffic between pods. Remediation: Create default-deny NetworkPolicy for namespace 'api-gateway-staging'. Example: kubectl apply -f - <<EOF
apiVersion: networking.k8s.io/v1
kind: NetworkPolicy
metadata:
  name: default-deny
  namespace: api-gateway-staging
spec:
  podSelector: {}
  policyTypes:
  - Ingress
  - Egress
EOF; Namespace 'api-gateway-staging' does not have ResourceQuota configured. This can lead to resource exhaustion. Remediation: Create ResourceQuota for namespace 'api-gateway-staging' to limit resource consumption. Example: kubectl create quota api-gateway-staging-quota --hard=cpu=2,memory=4Gi --namespace=api-gateway-staging; Namespace 'api-gateway-staging' does not have LimitRange configured. Containers can be created without resource limits. Remediation: Create LimitRange for namespace 'api-gateway-staging' to enforce default resource limits. Example: kubectl create limitrange api-gateway-staging-limits --default-request=cpu=100m,memory=128Mi --default=cpu=500m,memory=512Mi --namespace=api-gateway-staging; Namespace 'default' does not have any NetworkPolicies configured. This allows unrestricted network traffic between pods. Remediation: Create default-deny NetworkPolicy for namespace 'default'. Example: kubectl apply -f - <<EOF
apiVersion: networking.k8s.io/v1
kind: NetworkPolicy
metadata:
  name: default-deny
  namespace: default
spec:
  podSelector: {}
  policyTypes:
  - Ingress
  - Egress
EOF; Namespace 'default' does not have ResourceQuota configured. This can lead to resource exhaustion. Remediation: Create ResourceQuota for namespace 'default' to limit resource consumption. Example: kubectl create quota default-quota --hard=cpu=2,memory=4Gi --namespace=default; Namespace 'default' does not have LimitRange configured. Containers can be created without resource limits. Remediation: Create LimitRange for namespace 'default' to enforce default resource limits. Example: kubectl create limitrange default-limits --default-request=cpu=100m,memory=128Mi --default=cpu=500m,memory=512Mi --namespace=default; Namespace 'gatekeeper-system' does not have any NetworkPolicies configured. This allows unrestricted network traffic between pods. Remediation: Create default-deny NetworkPolicy for namespace 'gatekeeper-system'. Example: kubectl apply -f - <<EOF
apiVersion: networking.k8s.io/v1
kind: NetworkPolicy
metadata:
  name: default-deny
  namespace: gatekeeper-system
spec:
  podSelector: {}
  policyTypes:
  - Ingress
  - Egress
EOF; Namespace 'gatekeeper-system' does not have LimitRange configured. Containers can be created without resource limits. Remediation: Create LimitRange for namespace 'gatekeeper-system' to enforce default resource limits. Example: kubectl create limitrange gatekeeper-system-limits --default-request=cpu=100m,memory=128Mi --default=cpu=500m,memory=512Mi --namespace=gatekeeper-system; Namespace 'local-path-storage' does not have any NetworkPolicies configured. This allows unrestricted network traffic between pods. Remediation: Create default-deny NetworkPolicy for namespace 'local-path-storage'. Example: kubectl apply -f - <<EOF
apiVersion: networking.k8s.io/v1
kind: NetworkPolicy
metadata:
  name: default-deny
  namespace: local-path-storage
spec:
  podSelector: {}
  policyTypes:
  - Ingress
  - Egress
EOF; Namespace 'local-path-storage' does not have ResourceQuota configured. This can lead to resource exhaustion. Remediation: Create ResourceQuota for namespace 'local-path-storage' to limit resource consumption. Example: kubectl create quota local-path-storage-quota --hard=cpu=2,memory=4Gi --namespace=local-path-storage; Namespace 'local-path-storage' does not have LimitRange configured. Containers can be created without resource limits. Remediation: Create LimitRange for namespace 'local-path-storage' to enforce default resource limits. Example: kubectl create limitrange local-path-storage-limits --default-request=cpu=100m,memory=128Mi --default=cpu=500m,memory=512Mi --namespace=local-path-storage; Namespace 'minio' does not have any NetworkPolicies configured. This allows unrestricted network traffic between pods. Remediation: Create default-deny NetworkPolicy for namespace 'minio'. Example: kubectl apply -f - <<EOF
apiVersion: networking.k8s.io/v1
kind: NetworkPolicy
metadata:
  name: default-deny
  namespace: minio
spec:
  podSelector: {}
  policyTypes:
  - Ingress
  - Egress
EOF; Namespace 'minio' does not have ResourceQuota configured. This can lead to resource exhaustion. Remediation: Create ResourceQuota for namespace 'minio' to limit resource consumption. Example: kubectl create quota minio-quota --hard=cpu=2,memory=4Gi --namespace=minio; Namespace 'minio' does not have LimitRange configured. Containers can be created without resource limits. Remediation: Create LimitRange for namespace 'minio' to enforce default resource limits. Example: kubectl create limitrange minio-limits --default-request=cpu=100m,memory=128Mi --default=cpu=500m,memory=512Mi --namespace=minio; Namespace 'monitoring' does not have any NetworkPolicies configured. This allows unrestricted network traffic between pods. Remediation: Create default-deny NetworkPolicy for namespace 'monitoring'. Example: kubectl apply -f - <<EOF
apiVersion: networking.k8s.io/v1
kind: NetworkPolicy
metadata:
  name: default-deny
  namespace: monitoring
spec:
  podSelector: {}
  policyTypes:
  - Ingress
  - Egress
EOF; Namespace 'monitoring' does not have ResourceQuota configured. This can lead to resource exhaustion. Remediation: Create ResourceQuota for namespace 'monitoring' to limit resource consumption. Example: kubectl create quota monitoring-quota --hard=cpu=2,memory=4Gi --namespace=monitoring; Namespace 'monitoring' does not have LimitRange configured. Containers can be created without resource limits. Remediation: Create LimitRange for namespace 'monitoring' to enforce default resource limits. Example: kubectl create limitrange monitoring-limits --default-request=cpu=100m,memory=128Mi --default=cpu=500m,memory=512Mi --namespace=monitoring; Namespace 'project-c13' does not have any NetworkPolicies configured. This allows unrestricted network traffic between pods. Remediation: Create default-deny NetworkPolicy for namespace 'project-c13'. Example: kubectl apply -f - <<EOF
apiVersion: networking.k8s.io/v1
kind: NetworkPolicy
metadata:
  name: default-deny
  namespace: project-c13
spec:
  podSelector: {}
  policyTypes:
  - Ingress
  - Egress
EOF; Namespace 'project-c13' does not have ResourceQuota configured. This can lead to resource exhaustion. Remediation: Create ResourceQuota for namespace 'project-c13' to limit resource consumption. Example: kubectl create quota project-c13-quota --hard=cpu=2,memory=4Gi --namespace=project-c13; Namespace 'project-c13' does not have LimitRange configured. Containers can be created without resource limits. Remediation: Create LimitRange for namespace 'project-c13' to enforce default resource limits. Example: kubectl create limitrange project-c13-limits --default-request=cpu=100m,memory=128Mi --default=cpu=500m,memory=512Mi --namespace=project-c13; Namespace 'project-h800' does not have any NetworkPolicies configured. This allows unrestricted network traffic between pods. Remediation: Create default-deny NetworkPolicy for namespace 'project-h800'. Example: kubectl apply -f - <<EOF
apiVersion: networking.k8s.io/v1
kind: NetworkPolicy
metadata:
  name: default-deny
  namespace: project-h800
spec:
  podSelector: {}
  policyTypes:
  - Ingress
  - Egress
EOF; Namespace 'project-h800' does not have ResourceQuota configured. This can lead to resource exhaustion. Remediation: Create ResourceQuota for namespace 'project-h800' to limit resource consumption. Example: kubectl create quota project-h800-quota --hard=cpu=2,memory=4Gi --namespace=project-h800; Namespace 'project-h800' does not have LimitRange configured. Containers can be created without resource limits. Remediation: Create LimitRange for namespace 'project-h800' to enforce default resource limits. Example: kubectl create limitrange project-h800-limits --default-request=cpu=100m,memory=128Mi --default=cpu=500m,memory=512Mi --namespace=project-h800; Namespace 'project-r500' does not have any NetworkPolicies configured. This allows unrestricted network traffic between pods. Remediation: Create default-deny NetworkPolicy for namespace 'project-r500'. Example: kubectl apply -f - <<EOF
apiVersion: networking.k8s.io/v1
kind: NetworkPolicy
metadata:
  name: default-deny
  namespace: project-r500
spec:
  podSelector: {}
  policyTypes:
  - Ingress
  - Egress
EOF; Namespace 'project-r500' does not have ResourceQuota configured. This can lead to resource exhaustion. Remediation: Create ResourceQuota for namespace 'project-r500' to limit resource consumption. Example: kubectl create quota project-r500-quota --hard=cpu=2,memory=4Gi --namespace=project-r500; Namespace 'project-r500' does not have LimitRange configured. Containers can be created without resource limits. Remediation: Create LimitRange for namespace 'project-r500' to enforce default resource limits. Example: kubectl create limitrange project-r500-limits --default-request=cpu=100m,memory=128Mi --default=cpu=500m,memory=512Mi --namespace=project-r500; Namespace 'project-swan' does not have any NetworkPolicies configured. This allows unrestricted network traffic between pods. Remediation: Create default-deny NetworkPolicy for namespace 'project-swan'. Example: kubectl apply -f - <<EOF
apiVersion: networking.k8s.io/v1
kind: NetworkPolicy
metadata:
  name: default-deny
  namespace: project-swan
spec:
  podSelector: {}
  policyTypes:
  - Ingress
  - Egress
EOF; Namespace 'project-swan' does not have ResourceQuota configured. This can lead to resource exhaustion. Remediation: Create ResourceQuota for namespace 'project-swan' to limit resource consumption. Example: kubectl create quota project-swan-quota --hard=cpu=2,memory=4Gi --namespace=project-swan; Namespace 'project-swan' does not have LimitRange configured. Containers can be created without resource limits. Remediation: Create LimitRange for namespace 'project-swan' to enforce default resource limits. Example: kubectl create limitrange project-swan-limits --default-request=cpu=100m,memory=128Mi --default=cpu=500m,memory=512Mi --namespace=project-swan",Create default-deny NetworkPolicies for all namespaces. Also configure ResourceQuotas and LimitRanges for proper namespace isolation.,2026-01-19T15:54:51+05:00
